title,company_type,company_size,skills,additional,views_count,english_level
Data Labeling Specialist,"Пошук персоналу, HR;",10–50 співробітників,,Повна зайнятість.,2,
Керуючий проєктів інформаційної безпеки,"Телекомунікації, зв'язок;",більше 1000 співробітників,,Повна зайнятість. Досвід роботи від 5 років. Вища освіта.,1,
"Молодший аналітик, Junior data analyst","Фінанси, банки, страхування;",10–50 співробітників,", MS Excel, SQL, Відповідальність, Організованість, MS SQL Server, Формування зведених таблиць, MS Power BI, Робота з базою даних, Уважність, Уміння аналізувати, Аналітичне мислення, Аналіз даних, Економічний аналіз, Тайм-менеджмент, Користувач ПК",Повна зайнятість.,12,
Junior Data Analyst,IT;,більше 1000 співробітників,", SQL, Python, Відповідальність, REST API, MS Power BI, Маркетинг, Уважність, Акуратність, Надійність, Візуалізація",Повна зайнятість. Досвід роботи від 1 року. Вища освіта.,4,Англійська — вище середнього
"Старший інженер групи підготовки геопросторової інформації, військовослужбовець",Сили оборони;,10–50 співробітників,", Уважність",Повна зайнятість.,3,
Начальник служби захисту інформації в автоматизованих системах,Сили оборони;,10–50 співробітників,", Комунікабельність, Відповідальність, Уважність",Повна зайнятість. Досвід роботи від 2 років.,1,
Information Security Awareness Specialist,IT;,більше 1000 співробітників,", Знання стандартів ISO",Повна зайнятість. Досвід роботи від 2 років. Вища освіта.,1,Англійська — середній
Офіцер служби захисту інформації в автоматизованих системах,Сили оборони;,10–50 співробітників,", Комунікабельність, Відповідальність, Уважність",Повна зайнятість. Досвід роботи від 2 років.,1,
"Начальник служби захисту інформації в автоматизованих системах, офіцер-військовослужбовець",Сили оборони,,", Відповідальність, Організованість",Повна зайнятість.,1,
Технік служби захисту інформації батальйону територіальної оборони,Сили оборони;,250–1000 співробітників,,Повна зайнятість. Також готові взяти ветерана. Досвід роботи від 1 року.,1,
"Інженер групи підготовки геопросторової інформації, військовослужбовець",Сили оборони;,10–50 співробітників,", Уважність",Повна зайнятість.,1,
Технік служби захисту інформації,Сили оборони;,50–250 співробітників,,Повна зайнятість. Досвід роботи від 1 року. Середня спеціальна освіта.,1,Українська — вільно
Технік служби захисту інформації в автоматизованих системах,Сили оборони;,250–1000 співробітників,", Бажання вчитися і розвиватися",Повна зайнятість. Досвід роботи від 1 року. Вища освіта.,1,
Техник (захист інформації в автоматизованних системах),Сили оборони,,", Відповідальність, Дисциплінованість, Бажання вчитися і розвиватися",Повна зайнятість.,1,
Інженер з інформаційної безпеки (SOC),Роздрібна торгівля;,більше 1000 співробітників,", IP (Internet Protocol), TCP/IP, Уміння аналізувати, Налаштування Firewall",Повна зайнятість. Досвід роботи від 1 року.,1,
Data Analyst,Роздрібна торгівля;,більше 1000 співробітників,", MySQL, SQL, Python, PostgreSQL, Looker Studio, MS SQL Server, MS Power BI, Робота з базою даних, Ведення звітності, Tableau, Візуалізація даних, Розуміння структури даних, QlickView, Робота в команді",Повна зайнятість. Досвід роботи від 2 років. Вища освіта.,7,
Начальник служби захисту інформації в автоматизованих системах військової частини,Сили оборони,,", Уміння аналізувати",Повна зайнятість. Також готові взяти ветерана. Досвід роботи від 2 років. Вища освіта.,1,Англійська — середній
Офіцер служби захисту інформації в автоматизованих системах,Сили оборони,,", Користувач ПК",Повна зайнятість. Досвід роботи від 1 року. Вища освіта.,1,Українська — вище середнього
Начальник служби захисту інформації в автоматизованих системах,Сили оборони;,250–1000 співробітників,", Відповідальність, Користувач ПК",Повна зайнятість. Досвід роботи від 1 року.,1,
"Начальник служби захисту інформації в автоматизованих системах, військовослужбовець",Сили оборони;,10–50 співробітників,", Відповідальність, Робота в команді, Самостійність",Повна зайнятість. Досвід роботи від 1 року. Вища освіта.,1,Українська — вільно
Аналітик консолідованої інформації (виробництво),"Будівельна промисловість, деревообробка;",більше 1000 співробітників,", MS Excel, MS Power BI",Повна зайнятість. Досвід роботи від 2 років. Вища освіта.,1,
Інженер з інформаційної безпеки,"Сільське господарство, агробізнес;",більше 1000 співробітників,", Уміння аналізувати",Повна зайнятість. Досвід роботи від 2 років. Вища освіта.,2,
Офіцер групи збору та обробки інформації,Сили оборони;,10–50 співробітників,,Повна зайнятість. Досвід роботи від 1 року. Вища освіта.,1,
Менеджер з продажу реклами на інформаційний сайт,"ЗМІ, медіа;",менше 10 співробітників,", Комунікабельність, Робота з клієнтами, Продаж, Залучення нових клієнтів, Планування продажу, Розвиток бази клієнтів","Повна зайнятість, неповна зайнятість. Також готові взяти студента, людину з інвалідністю, ветерана, пенсіонера. Досвід роботи від 1 року.",2,Українська — вільно
Начальник служби захисту інформації в автоматизованих системах,Сили оборони;,10–50 співробітників,", Системи ПК",Повна зайнятість. Досвід роботи від 1 року. Вища освіта.,1,
Технік служби захисту інформації (кібербезпека),Сили оборони,,,Повна зайнятість. Досвід роботи від 1 року.,1,
Менеджер з інформаційної безпеки,"Сільське господарство, агробізнес;",більше 1000 співробітників,", Користувач ОС Windows, IP (Internet Protocol), TCP/IP, Active Directory, Уміння аналізувати, Налаштування антивірусного захисту, Group Policy Object, Самостійність, Знання стандартів ISO",Повна зайнятість. Досвід роботи від 2 років. Вища освіта.,1,
Адміністратор інформаційного центру,"Медицина, охорона здоров'я, аптеки;",50–250 співробітників,", MS Word, MS Excel, Користувач Internet, Користувач ПК, Відповідальність, Впевненість, Комунікабельність, Адміністративна робота, Орієнтація на результат, Рубікон, Робота з великим обсягом інформації, Доктор Елекс, Знання стандартів обслуговування, Прийом вхідних дзвінків",Повна зайнятість. Також готові взяти студента.,1,
Керівник проєктів з аудиту інформаційних технологій,"Фінанси, банки, страхування;",більше 1000 співробітників,", Користувач ОС Windows, Комунікабельність, Робота з базою даних, Уважність, Аналіз даних, Ризик-менеджмент, Надійність",Повна зайнятість. Досвід роботи від 2 років. Вища освіта.,1,
Information Management Reporting Officer,"Неприбуткові, благодійні та громадські організації",,,Повна зайнятість. Також готові взяти людину з інвалідністю. Досвід роботи від 2 років. Вища освіта.,1,Англійська — вільно
Начальник служби захисту інформації в автоматизованих системах,Сили оборони,,", Комунікабельність, Відповідальність, Уміння аналізувати, Дисциплінованість",Повна зайнятість. Досвід роботи від 1 року. Вища освіта.,1,
Data Entry Analyst,IT;,250–1000 співробітників,", Responsibility, Organizedness, Confidence, Work with clients, Work with the database, Analytical thinking, Sales, Content management, Critical thinking, Result orientation","Повна зайнятість. Також готові взяти студента, людину з інвалідністю. Досвід роботи від 1 року. Вища освіта.",1,Англійська — вище середнього
Керівник з інформаційної безпеки,,,", Лідерство",Повна зайнятість. Досвід роботи від 5 років. Вища освіта.,1,Англійська — вище середнього
Data Analyst (SQL),"Фінанси, банки, страхування;",більше 1000 співробітників,", MS Excel, Ведення CRM, SQL, PostgreSQL, Oracle Database, MS SQL Server, MS Power BI, Робота з базою даних, Ведення звітності, Візуалізація даних, DAX, Консолідація даних",Повна зайнятість. Досвід роботи від 2 років.,4,
Фахівець з інформаційної безпеки,"ЗМІ, медіа;",більше 1000 співробітників,", Уміння аналізувати","Повна зайнятість. Також готові взяти людину з інвалідністю, ветерана. Досвід роботи від 2 років. Вища освіта.",1,
Data analyst,IT;,більше 1000 співробітників,", MS Excel, SQL, Ведення звітності, DAX, DWH",Повна зайнятість. Досвід роботи від 2 років. Вища освіта.,1,
Провідний фахівець управління інцидентами інформаційної безпеки (SOC),"Фінанси, банки, страхування;",більше 1000 співробітників,", Користувач ОС Linux, Користувач ОС Windows, Python, IP (Internet Protocol), TCP/IP, Здатність до навчання, Програмування, VLAN, Аналітичне мислення, Уміння аналізувати, Аналіз даних, Знання СМІБ, SIEM, Налаштування DNS",Повна зайнятість. Досвід роботи від 1 року. Вища освіта.,1,
Фахівeць/фахівчиня з інформаційного наповнення сайту,"ЗМІ, медіа;",більше 1000 співробітників,,Повна зайнятість. Досвід роботи від 1 року.,2,
"Начальник, старший інженер відділу інформаційного забезпечення",Сили оборони,,", MS Office, Користувач ПК, Adobe",Повна зайнятість. Досвід роботи від 2 років. Вища освіта.,1,Англійська — середній
Спеціаліст із захисту інформації,"Медицина, охорона здоров'я, аптеки;",більше 1000 співробітників,", MS Word, MS Excel, Комунікабельність, Самомотивація",Повна зайнятість. Досвід роботи від 1 року.,1,
Оператор інформаційної підтримки (Сел. Котовського),"Телекомунікації, зв'язок;",50–250 співробітників,", Комунікабельність, Відповідальність, Організованість, Пунктуальність, Робота з великим обсягом інформації, Уміння працювати в режимі багатозадачності",Повна зайнятість. Досвід роботи від 1 року.,1,
Консультант з інформаційної безпеки (Middle),IT;,10–50 співробітників,,Повна зайнятість. Досвід роботи від 2 років. Вища освіта.,1,Англійська — вище середнього
Electrical Engineer for Data Centers,"Будівництво, архітектура, дизайн інтер'єру;",50–250 співробітників,", Autodesk Revit, Комунікабельність, Відповідальність, Програмування, Електромонтаж, Проєктування, Надійність",Повна зайнятість. Досвід роботи від 2 років. Вища освіта.,1,Англійська — середній
"Information security specialist, CISO","Фінанси, банки, страхування;",250–1000 співробітників,", Програмування, Системне адміністрування, Уважність, SIEM, Уміння розставляти пріоритети, Знання стандартів ISO",Повна зайнятість. Досвід роботи від 2 років. Вища освіта.,1,Англійська — вище середнього
Менеджер з продажу в український Big Data стартап,"Пошук персоналу, HR;",50–250 співробітників,", Ведення переговорів, Створення презентацій, Аналітичне мислення, Продаж, Лідогенерація, Розробка стратегії продажу, Орієнтація на результат",Повна зайнятість. Досвід роботи від 2 років. Вища освіта.,1,
Директор з продажів та маркетингу,"Маркетинг, реклама, PR;",250–1000 співробітників,", Комунікабельність, Маркетинг, Розробка маркетингової стратегії, Робота з клієнтами, Навчання персоналу, Аналітичне мислення, Продаж, Управління командою, Орієнтація на результат, Планування продажу",Повна зайнятість. Досвід роботи від 5 років. Вища освіта.,1,"Англійська — просунутий, польська — середній"
"Data analyst, Scientist (AI)",IT;,250–1000 співробітників,", Microsoft 365, Користувач ОС Linux, Java, PHP, SQL, Python, C++, MATLAB, C#, Oracle Database, Відповідальність, Програмування, Робота з базою даних, Уважність, Аналітичне мислення, Аналіз даних, MS SQL Server, Ведення звітності, TensorFlow, Machine learning, PyTorch","Повна зайнятість, неповна зайнятість. Досвід роботи від 5 років. Вища освіта.",1,
Офіцер служби захисту інформації,Сили оборони,,", Відповідальність, Робота в команді",Повна зайнятість. Досвід роботи від 1 року. Вища освіта.,1,
Технік служби захисту інформації в автоматизованих системах,Сили оборони,,", Здатність до навчання, Дисциплінованість, Організованість",Повна зайнятість. Досвід роботи від 1 року. Середня спеціальна освіта.,1,
Фахівець управління систем захисту інформації департаменту кібербезпеки,"Фінанси, банки, страхування;",більше 1000 співробітників,", Користувач ОС Linux, Користувач ОС Windows, IP (Internet Protocol), TCP/IP, Системне адміністрування, Налаштування антивірусного захисту",Повна зайнятість. Досвід роботи від 1 року. Вища освіта.,1,
"Data entry operator, диспетчер (customer service)","Транспорт, логістика;",50–250 співробітників,", Ведення CRM, Керування транспортними засобами, Вантажоперевезення",Повна зайнятість.,1,
Менеджер з інформаційної та кібербезпеки,Енергетика;,більше 1000 співробітників,", Доброзичливість",Повна зайнятість. Досвід роботи від 2 років. Вища освіта.,1,
Фахівець з інформаційної підтримки,"Фінанси, банки, страхування;",більше 1000 співробітників,", Написання сценаріїв, Психологічне консультування, Створення контенту, Менторство, Написання скриптів",Повна зайнятість. Досвід роботи від 2 років.,1,
Начальник відділу інформаційних технологій,Послуги для населення та бізнесу;,50–250 співробітників,", Користувач 1С, Професіоналізм, Надійність",Повна зайнятість. Досвід роботи від 2 років. Вища освіта.,1,
Data analyst,"Пошук персоналу, HR;",менше 10 співробітників,", MS Excel, Фінансовий аналіз, MS Power BI, Аналітичне мислення, Аналіз ринку, Аналіз даних, Power Query, Ведення звітності",Повна зайнятість. Досвід роботи від 1 року. Вища освіта.,1,Англійська — середній
Фахівець управління супроводження інформаційних систем,"Фінанси, банки, страхування;",250–1000 співробітників,,Повна зайнятість. Досвід роботи від 1 року. Вища освіта.,1,
Головний фахівець з технічного захисту інформації,"Фінанси, банки, страхування;",250–1000 співробітників,", MS Excel, SQL, Комунікабельність, Active Directory, Системне адміністрування, Адміністративна робота, Уважність, Аналітичне мислення",Повна зайнятість. Досвід роботи від 2 років. Вища освіта.,1,
Presale-консультант з інформаційної безпеки,IT;,10–50 співробітників,,Повна зайнятість. Досвід роботи від 2 років.,1,
Data analyst,"Медицина, охорона здоров'я, аптеки;",більше 1000 співробітників,", SQL, Робота з базою даних, Аналітичне мислення, Ведення звітності",Повна зайнятість. Досвід роботи від 2 років. Вища освіта.,2,
Information communications technologies officer,"Неприбуткові, благодійні та громадські організації",,,"Повна зайнятість. Також готові взяти людину з інвалідністю, ветерана. Досвід роботи від 2 років. Вища освіта.",1,Англійська — вище середнього
"Офіцер служби захисту інформації в автоматизованих системах, військовослужбовець",Сили оборони,,", Користувач ПК",Повна зайнятість. Досвід роботи від 1 року. Вища освіта.,1,Українська — вільно
Технік відділення зв’язку та інформаційних систем,Сили оборони,,", Відповідальність, Організованість",Повна зайнятість. Також готові взяти ветерана. Досвід роботи від 1 року. Незакінчена вища освіта.,1,
Технік-водій (відділення зв’язку та інформаційних систем),Сили оборони,,", Керування транспортними засобами, Відповідальність, Організованість",Повна зайнятість. Також готові взяти ветерана. Досвід роботи від 1 року. Середня спеціальна освіта.,1,
Data Engineer,IT;,більше 1000 співробітників,,Повна зайнятість. Досвід роботи від 2 років.,1,
Data analyst,"Пошук персоналу, HR;",250–1000 співробітників,", MS Excel, SQL, Комунікабельність, Відповідальність, Організованість, Програмування, Аналіз даних, Ведення звітності, Ініціативність, MS Access, Візуалізація даних","Повна зайнятість. Також готові взяти студента, людину з інвалідністю. Досвід роботи від 1 року.",1,Англійська — вільно
Data analyst,"Фінанси, банки, страхування;",більше 1000 співробітників,", MS Excel, SQL, Jira, Python, Confluence, MS Power BI, Аналітичне мислення, pandas, NumPy, Matplotlib, SSRS, Seaborn",Повна зайнятість. Досвід роботи від 2 років. Вища освіта.,1,
Data analyst,"Фінанси, банки, страхування;",50–250 співробітників,", MS Excel, SQL, Комунікабельність, Активність, Уважність, Ведення звітності, Робота з великим обсягом інформації, Логічне мислення",Повна зайнятість. Досвід роботи від 1 року.,1,
"Analytics, Data Engineer",IT;,50–250 співробітників,", Комунікабельність, Відповідальність, Організованість, PySpark, DBT, BI tools, SQL, Data modelling, Athena, BigQuery, Python","Повна зайнятість. Також готові взяти студента, людину з інвалідністю, ветерана. Досвід роботи від 2 років. Вища освіта.",1,Англійська — вище середнього
"Технік служби захисту інформації в автоматизованих системах, військовослужбовець",Сили оборони,,", Здатність до навчання, Дисциплінованість",Повна зайнятість. Досвід роботи від 1 року. Середня освіта.,2,Українська — просунутий
Інженер з інформаційної безпеки,"Телекомунікації, зв'язок;",більше 1000 співробітників,", MySQL, Python, IP (Internet Protocol), Системне адміністрування, Адміністративна робота, Знання СМІБ, SIEM, Знання стандартів ISO",Повна зайнятість. Досвід роботи від 2 років. Вища освіта.,1,
Аналітик консолідованої інформації,"Сільське господарство, агробізнес;",більше 1000 співробітників,", MS Excel, Користувач 1С, Google Sheets, Стресостійкість, Робота з базою даних, Аналіз даних, Закупівля товарів, Ведення звітності","Повна зайнятість. Також готові взяти студента, людину з інвалідністю, ветерана. Досвід роботи від 1 року. Вища освіта.",1,
Начальник служби захисту інформації в автоматизованих системах,Сили оборони;,250–1000 співробітників,", Відповідальність, Робота в команді, Уважність, Навчання персоналу, Уміння аналізувати, Управлінські навички",Повна зайнятість. Досвід роботи від 1 року. Середня спеціальна освіта.,2,Англійська — середній
Фахівець з інформаційної безпеки (фінансовий напрямок),Роздрібна торгівля;,більше 1000 співробітників,", Фінансовий аналіз, Комунікабельність, Управління проєктами, Знання стандартів ISO",Повна зайнятість. Досвід роботи від 2 років. Вища освіта.,1,
"Технік служби захисту інформації в автоматизованих системах, військовослужбовець",Сили оборони,,", Здатність до навчання, Дисциплінованість",Повна зайнятість. Досвід роботи від 1 року.,1,
Керівник відділу інформаційних технологій у Бучу,Харчова промисловість;,250–1000 співробітників,,Повна зайнятість. Досвід роботи від 2 років. Вища освіта.,1,
Менеджер з інформаційної підтримки продажів ключовим клієнтам,Харчова промисловість;,50–250 співробітників,", MS Word, MS PowerPoint, MS Office, MS Excel, MS Outlook, Користувач 1С, Комунікабельність, Відповідальність, Організованість, Стресостійкість, Робота в команді, Пунктуальність, Робота з базою даних, Контроль документообігу, Уважність, Ведення документації, Ведення первинної бухгалтерської документації, Робота із запереченнями, Аналітичне мислення, Тайм-менеджмент, Ведення звітності, Ведення договірної роботи, Логічне мислення, Зібраність, Урегулювання конфліктів, Ініціативність",Повна зайнятість. Досвід роботи від 1 року. Вища освіта.,1,
Технік служби захисту інформації в автоматизованих системах,Сили оборони;,250–1000 співробітників,", Бажання вчитися і розвиватися",Повна зайнятість. Середня спеціальна освіта.,1,
Менеджер з інформаційної безпеки,"Фінанси, банки, страхування;",250–1000 співробітників,", MS Office, Користувач ОС Linux, Microsoft 365, Користувач ОС Windows",Повна зайнятість. Досвід роботи від 2 років. Вища освіта.,1,Англійська — середній
Master Data Specialist,Машинобудування;,більше 1000 співробітників,,Повна зайнятість. Також готові взяти студента. Досвід роботи від 1 року. Незакінчена вища освіта.,1,
Провідний менеджер з документообігу,"Маркетинг, реклама, PR;",250–1000 співробітників,", MS Excel, MS Office, Ведення CRM, Користувач ПК, Користувач Бітрікс24, Контроль документообігу, Уважність, Старанність, Ділове листування, Акуратність, Ведення договірної роботи",Повна зайнятість. Досвід роботи від 2 років. Вища освіта.,1,
"IT Associate SC6, фахівець з інформаційних технологій","Неприбуткові, благодійні та громадські організації;",250–1000 співробітників,,Повна зайнятість. Досвід роботи від 2 років. Середня освіта.,1,Англійська — вище середнього
Data analyst,"Фінанси, банки, страхування;",більше 1000 співробітників,", SQL, Git, Python, Oracle Database, Postman, MS Power BI, Робота з базою даних, Аналіз даних, Візуалізація, Tableau, Візуалізація даних, Знання інформаційної архітектури, Corezoid",Повна зайнятість. Досвід роботи від 2 років. Вища освіта.,1,
Business Data analyst,Роздрібна торгівля;,більше 1000 співробітників,", SQL, Відповідальність, Комунікабельність, MS Power BI, Уважність, Ведення документації, Аналіз даних, Аналіз вимог, Візуалізація, Візуалізація даних, Дисциплінованість, Орієнтація на результат",Повна зайнятість. Досвід роботи від 2 років. Вища освіта.,1,
"Data Entry, помічник SEO-спеціаліста","Маркетинг, реклама, PR;",50–250 співробітників,", MS Excel, HTML, SEO, Google Sheets, Відповідальність, Serpstat, Здатність до навчання, Ahrefs, Уважність, Screaming Frog SEO Spider, Netpeak Spider, Netpeak Checker, SE Ranking, Majestic",Повна зайнятість.,1,Англійська — початковий
"Начальник інформаційного бюро, PR","Шоу-бізнес, мистецтво, культура;",250–1000 співробітників,", Організованість, Комунікабельність",Повна зайнятість. Досвід роботи від 2 років.,1,Українська — вільно
Data-аналітик (з навчанням),IT;,50–250 співробітників,,Повна зайнятість. Також готові взяти студента.,1,
Data analyst,"Телекомунікації, зв'язок;",250–1000 співробітників,", MS Excel, SQL, MS Power BI, Маркетинг, Конкурентний аналіз, Аналіз даних",Повна зайнятість. Досвід роботи від 2 років.,1,
Information communications technologies officer,"Неприбуткові, благодійні та громадські організації",,,"Повна зайнятість. Також готові взяти людину з інвалідністю, ветерана. Досвід роботи від 2 років. Вища освіта.",1,Англійська — вище середнього
Інженер з інформаційної безпеки,IT;,50–250 співробітників,", Користувач ОС Linux, Користувач ОС Windows, Системне адміністрування, Уважність, Аналітичне мислення, Налаштування антивірусного захисту, SIEM",Повна зайнятість. Досвід роботи від 2 років. Вища освіта.,1,
Головний спеціаліст з інформаційних технологій,Державні організації;,10–50 співробітників,", MS Office, IP (Internet Protocol), TCP/IP, Налаштування VPN, Cisco, Уміння аналізувати, Висока працездатність, Ремонт ПК, LAN, Водійські права кат. B",Повна зайнятість. Вища освіта.,1,Українська — вільно
Викладач інформаційних технологій,"Освіта, наука;",50–250 співробітників,", JavaScript, Python, Програмування","Повна зайнятість, неповна зайнятість. Досвід роботи від 5 років. Вища освіта.",1,Англійська — вище середнього
Data analyst,Роздрібна торгівля;,більше 1000 співробітників,", Впевненість, Продаж, Закупівля товарів, DAX",Повна зайнятість.,1,
Junior Data Specialist,IT;,10–50 співробітників,", Уважність, Аналіз даних, Амбіційність, Стресостійкість, Бажання вчитися і розвиватися",Повна зайнятість. Також готові взяти студента.,1,Англійська — вище середнього
Аналітик консолідованої інформації,Роздрібна торгівля;,50–250 співробітників,", MS Excel, Доброзичливість",Повна зайнятість. Досвід роботи від 1 року. Вища освіта.,1,
Data analyst,"Транспорт, логістика;",більше 1000 співробітників,", MS Excel, SQL, Користувач 1С, Python, Ведення бухгалтерського обліку, Відповідальність, MS Power BI, Програмування, Планування бюджету, Ведення звітності, Power Query, Power Pivot, DAX, Складання фінансової звітності, Візуалізація",Повна зайнятість. Досвід роботи від 1 року. Вища освіта.,1,
Менеджер управління інформаційної безпек та захисту персональних даних,"Транспорт, логістика;",більше 1000 співробітників,", MS Office, MS Outlook, Користувач ПК, SIEM, Знання стандартів ISO",Повна зайнятість. Досвід роботи від 2 років. Вища освіта.,1,
Фахівець з інформаційної безпеки,"Оптова торгівля, дистрибуція, імпорт, експорт;",більше 1000 співробітників,", Пользователь ОС Linux, Пользователь ОС Windows, Python, IP (Internet Protocol), Docker, Active Directory, Программирование, Административная работа, SIEM",Повна зайнятість. Також готові взяти студента. Незакінчена вища освіта.,1,Англійська — середній
Data analyst,IT;,250–1000 співробітників,", HTML, Jira, Python, XML, JSON, Scrum, Confluence, Kanban, Робота з базою даних, Уміння аналізувати, Аналіз даних, Software Development Life Cycle, CSV, ETL/ELT, HTTP, REST, WSDL",Повна зайнятість. Досвід роботи від 1 року. Вища освіта.,1,Англійська — вище середнього
Заступник начальника відділу інформаційної безпеки,"Фінанси, банки, страхування;",250–1000 співробітників,", Користувач ОС Windows, Відповідальність, Надійність",Повна зайнятість. Досвід роботи від 2 років. Вища освіта.,1,
Аналітик консолідованої інформації,"Медицина, охорона здоров'я, аптеки;",більше 1000 співробітників,", MS Excel, SQL, Аналітичне мислення, Робота з великим обсягом інформації",Повна зайнятість. Досвід роботи від 2 років. Вища освіта.,1,
Спеціаліст з інформаційної безпеки,Роздрібна торгівля;,250–1000 співробітників,", Адміністративна робота, Знання стандартів ISO",Повна зайнятість. Досвід роботи від 5 років.,1,
Аналітик управління супроводження інформаційних систем,"Фінанси, банки, страхування;",250–1000 співробітників,", SQL",Повна зайнятість. Досвід роботи від 2 років. Вища освіта.,1,
Старший менеджер з інформаційної безпеки,"Будівництво, архітектура, дизайн інтер'єру;",250–1000 співробітників,", Комунікабельність",Повна зайнятість. Досвід роботи від 2 років. Вища освіта.,1,
Аналітик консолідованої інформації (маркетингові дослідження),"Транспорт, логістика;",більше 1000 співробітників,", MS Office, SQL",Повна зайнятість. Досвід роботи від 1 року. Вища освіта.,1,
Технік служби захисту інформації в автоматизованих системах,Сили оборони,,,"Повна зайнятість. Також готові взяти студента, ветерана. Досвід роботи від 2 років.",1,
Головний спеціаліст з інформаційних технологій,Державні організації;,50–250 співробітників,", MS Office, Ремонт ПК, Користувач ПК, Відповідальність, Робота в команді, Уважність",Повна зайнятість. Також готові взяти студента. Незакінчена вища освіта.,1,Українська — вільно
Командир посту збору та обробки інформації,Сили оборони,,", Управління персоналом, Організація роботи персоналу, Організованість, Комунікабельність, Стресостійкість",Повна зайнятість. Досвід роботи від 1 року.,1,
"Senior, Middle Data Scientist",Роздрібна торгівля;,250–1000 співробітників,", SQL, Користувач ОС Windows, Python, Комунікабельність, Активність, Аналіз даних, Візуалізація, Робота з великим обсягом інформації, pandas, NumPy, Візуалізація даних, TensorFlow, PyTorch, Застосування штучного інтелекту",Повна зайнятість. Досвід роботи від 1 року. Вища освіта.,1,
"Керівник проєктів з розвитку систем захисту інформації, cybersecurity","Фінанси, банки, страхування;",більше 1000 співробітників,", SQL, Робота з базою даних, MS Azure",Повна зайнятість. Досвід роботи від 5 років. Вища освіта.,1,
Диспетчер зі збору навігаційної інформації (GPS-системи),"Сільське господарство, агробізнес;",250–1000 співробітників,", Водійські права кат. B, Керування транспортними засобами, Ведення звітності, MS Excel",Повна зайнятість.,1,
Менеджер по роботі з клієнтами в інформаційний портал,Нерухомість;,10–50 співробітників,", Користувач ПК, Продаж","Повна зайнятість, неповна зайнятість. Також готові взяти студента, людину з інвалідністю.",1,
Заступник начальника відділу інформаційного забезпечення та взаємодії з колекторськими компаніями,"Фінанси, банки, страхування;",більше 1000 співробітників,", MS PowerPoint, MS Excel, Формування зведених таблиць, Активність, Знання банківських програм, Уміння аналізувати, MS Access",Повна зайнятість. Досвід роботи від 1 року. Вища освіта.,1,
Касир інформаційного центру (Осокорки),Роздрібна торгівля;,більше 1000 співробітників,", Комунікабельність, Відповідальність, Проведення касових операцій, Активність, Уважність, Викладка товару, Викладка товарів",Повна зайнятість. Також готові взяти студента.,1,
Фахівець з інформаційної безпеки,"Фінанси, банки, страхування;",більше 1000 співробітників,", IP (Internet Protocol), TCP/IP, Системне адміністрування, Налаштування Firewall, SIEM",Повна зайнятість. Досвід роботи від 1 року. Вища освіта.,1,
Спеціаліст відділу фінансового моніторингу,IT;,10–50 співробітників,", Відповідальність, Уважність, Аналітичне мислення, Фінансовий моніторинг",Повна зайнятість. Досвід роботи від 1 року. Вища освіта.,1,
Operational Data Analyst,IT;,більше 1000 співробітників,", MS PowerPoint, MS Excel, SQL, PostgreSQL, Google Sheets, MS Power BI, Уміння аналізувати, Аналіз даних, Power Pivot, Візуалізація даних",Повна зайнятість. Досвід роботи від 1 року.,1,
Провідний фахівець з інформаційної безпеки,Харчова промисловість;,більше 1000 співробітників,", Комунікабельність, Уміння аналізувати, Чесність",Повна зайнятість. Досвід роботи від 2 років. Вища освіта.,1,
"Головний фахівець відділу управлінської інформації, аналітик","Фінанси, банки, страхування;",250–1000 співробітників,", MS Excel, Відповідальність, Організованість, Впевненість, MS Power BI, Робота з базою даних, Візуалізація, Ведення звітності, Візуалізація даних, MS Access, Power BI",Повна зайнятість. Досвід роботи від 2 років. Вища освіта.,1,
Начальник відділу підтримки інформаційних систем,"Телекомунікації, зв'язок;",250–1000 співробітників,,Повна зайнятість. Досвід роботи від 2 років. Вища освіта.,1,
Інструктор групи інформаційного забезпечення,Сили оборони;,більше 1000 співробітників,,Повна зайнятість. Досвід роботи від 1 року. Вища освіта.,1,Англійська — середній
Провідний аналітик консолідованої інформації,"Сільське господарство, агробізнес;",більше 1000 співробітників,", MS Office, MS Excel, Користувач 1С",Повна зайнятість. Досвід роботи від 2 років. Вища освіта.,1,
Інженер систем інформаційної безпеки,"Фінанси, банки, страхування;",250–1000 співробітників,", Налаштування антивірусного захисту, SIEM, СУІБ",Повна зайнятість. Досвід роботи від 2 років. Вища освіта.,1,Англійська — середній
Оператор інформаційної підтримки,"Телекомунікації, зв'язок;",50–250 співробітників,", Ведення CRM, Комунікабельність, Відповідальність, Стресостійкість, Робота з клієнтами, Грамотна усна та письмова мова, Робота з великим обсягом інформації, Креативність, Прийом вхідних дзвінків, Орієнтація на результат","Повна зайнятість, неповна зайнятість.",1,
Начальник служби захисту інформації,Сили оборони,,,Повна зайнятість. Вища освіта.,1,
Технік служби захисту інформації,Сили оборони,,", MS Office",Повна зайнятість. Досвід роботи від 1 року. Вища освіта.,1,
Middle Data Scientist,IT;,більше 1000 співробітників,", SQL, GitHub, Python, PostgreSQL, Відповідальність, MongoDB, Docker, Робота з базою даних, AWS, pandas, NumPy, MS Azure, Робота в команді, TensorFlow, Machine learning, PyTorch, Deep Learning",Повна зайнятість. Досвід роботи від 2 років. Вища освіта.,1,Англійська — вище середнього
Junior Data Scientist,IT;,більше 1000 співробітників,", MySQL, Git, Python, PostgreSQL, Знання принципів ООП, MongoDB, Docker, Робота з базою даних, Візуалізація, pandas, NumPy, TensorFlow, Бажання вчитися і розвиватися, PyTorch",Повна зайнятість. Досвід роботи від 1 року. Вища освіта.,1,Англійська — середній
"Junior Linkbuilder, Data Entry specialist, помічник SEO specialist","Маркетинг, реклама, PR;",50–250 співробітників,", Google Docs, SEO, Google Sheets, Робота в команді, Здатність до навчання, Маркетинг, Старанність",Повна зайнятість.,1,
Фахівець з інформаційної безпеки,"Фінанси, банки, страхування;",50–250 співробітників,", Користувач ОС Windows, Знання СМІБ, Надійність, Знання стандартів ISO",Повна зайнятість. Досвід роботи від 1 року. Незакінчена вища освіта.,1,
"Командир відділення збору та обробки інформації, військовослужбовець",Сили оборони;,більше 1000 співробітників,", Робота в команді",Повна зайнятість.,1,
Автор наукових статей з інформаційних технологій,"ЗМІ, медіа;",50–250 співробітників,", Написання статей, Написання наукових статей, Scopus, Web of Science","Повна зайнятість, неповна зайнятість. Досвід роботи від 1 року. Вища освіта.",1,Англійська — вище середнього
Junior Information Security Specialist,IT;,більше 1000 співробітників,", Уміння аналізувати, Аналіз даних",Повна зайнятість. Незакінчена вища освіта.,1,
Спеціаліст-оператор комплексу (пристрою) обробки інформації,Сили оборони;,50–250 співробітників,,Повна зайнятість.,1,
"Керівник відділу інформаційних технологій, IT-директор","Пошук персоналу, HR;",10–50 співробітників,", Користувач ОС Windows, Користувач 1С, Комунікабельність, Відповідальність, IP (Internet Protocol), Програмування, Системне адміністрування, Адміністративна робота, Закупівля товарів, Стратегічне мислення, 1С УТП, Уміння працювати в режимі багатозадачності",Повна зайнятість. Досвід роботи від 2 років. Вища освіта.,1,
Geospatial Information Specialist (SC-8),"Неприбуткові, благодійні та громадські організації;",250–1000 співробітників,", ArcGIS, QGIS",Повна зайнятість. Досвід роботи від 2 років.,1,Англійська — вище середнього
Провідний фахівець з управління ризиками інформаційної безпеки,Роздрібна торгівля;,більше 1000 співробітників,", Знання стандартів ISO",Повна зайнятість. Досвід роботи від 2 років. Вища освіта.,1,
Data analyst,Харчова промисловість;,250–1000 співробітників,", Комунікабельність, MS Power BI, Робота з базою даних, Аналітичне мислення, Аналіз даних, Продаж, Ведення звітності, OLAP",Повна зайнятість. Досвід роботи від 1 року.,1,
Фахівець із транспортної інформації (support),"Транспорт, логістика;",50–250 співробітників,,Повна зайнятість. Досвід роботи від 2 років.,1,
Аналітик консолідованої інформації (SQL),"Фінанси, банки, страхування;",250–1000 співробітників,", MS Excel, SQL, Python",Повна зайнятість. Досвід роботи від 1 року. Вища освіта.,2,
Охоронник відділу охорони управління інформаційної безпеки,"Фінанси, банки, страхування;",250–1000 співробітників,", Комунікабельність, Відповідальність, Уважність, Забезпечення охорони, Акуратність, Порядність, Неконфліктність",Повна зайнятість. Досвід роботи від 1 року.,1,
Керівник департаменту інформаційних технологий,,,", Фінансове планування, Комунікабельність, Управління персоналом, Управління проєктами, Робота з базою даних, Ведення документації, Роздрібна торгівля, Ведення звітності, Професіоналізм, Ведення технічної документації",Повна зайнятість. Досвід роботи від 5 років. Вища освіта.,1,"Англійська — середній, українська — вільно"
Фахівець з інформаційної безпеки,"Фінанси, банки, страхування;",50–250 співробітників,", Системне адміністрування, Уміння аналізувати, Надійність",Повна зайнятість. Досвід роботи від 2 років.,1,
Фахівець з питань комунікації та збору інформації,"Неприбуткові, благодійні та громадські організації;",10–50 співробітників,", Творчий підхід, Журналістика, Користувач BAS, Робота з людьми, Ведення звітності, Проведення тренінгів, Розробка ПЗ, Користувач АБС Б2, Ефективна комунікація",Повна зайнятість. Досвід роботи від 1 року.,1,
Головний фахівець з інформаційної безпеки (ІT security),"Фінанси, банки, страхування;",більше 1000 співробітників,", Kali Linux, Metasploit",Повна зайнятість. Досвід роботи від 2 років.,1,
Data Scraping Specialist (startup),IT;,250–1000 співробітників,,Повна зайнятість. Досвід роботи від 1 року.,2,
"Data Engineer, Python Developer",IT;,250–1000 співробітників,", Python, MongoDB, pandas",Повна зайнятість. Досвід роботи від 2 років.,1,
"Касир інформаційної каси (ТЦ ""Апрель"")",Роздрібна торгівля;,більше 1000 співробітників,", Комунікабельність, Відповідальність, Проведення касових операцій, Активність, Уважність, Викладка товару, Викладка товарів","Повна зайнятість. Також готові взяти студента, людину з інвалідністю, пенсіонера.",1,
Начальник служби захисту інформації в автоматизованих системах військової частини,Сили оборони,,", Відповідальність, Комунікабельність, Уміння аналізувати",Повна зайнятість. Також готові взяти ветерана. Вища освіта.,1,Англійська — середній
Аналітик технічної підтримки інформаційних систем (ЗСУ),Сили оборони,,", MS Excel, SQL",Повна зайнятість. Досвід роботи від 2 років.,5,
Фахівець з інформаційних систем,"Оптова торгівля, дистрибуція, імпорт, експорт;",більше 1000 співробітників,,Повна зайнятість.,1,
Аналітик консолідованої інформації,"Оптова торгівля, дистрибуція, імпорт, експорт;",більше 1000 співробітників,", MS Excel, Пользователь 1С, Внимательность, Аналитическое мышление, Работа с большим объемом информации",Повна зайнятість. Досвід роботи від 2 років. Вища освіта.,1,
Касир інформаційного центру (Осокорки),Роздрібна торгівля;,більше 1000 співробітників,", Комунікабельність, Відповідальність, Проведення касових операцій, Активність, Уважність, Викладка товару, Викладка товарів",Повна зайнятість. Також готові взяти студента.,1,
Information Management Officer,"Неприбуткові, благодійні та громадські організації;",менше 10 співробітників,,Повна зайнятість. Досвід роботи від 2 років. Вища освіта.,1,
Провідний економіст департаменту інформаційних технологій,"Фінанси, банки, страхування;",250–1000 співробітників,", Ведення бухгалтерського обліку, Ведення договірної роботи, Економічний аналіз, Ведення звітності",Повна зайнятість. Досвід роботи від 1 року.,1,
Data analyst,Роздрібна торгівля;,більше 1000 співробітників,", MS Excel, SQL, MS Power BI, Уважність, Створення презентацій, Аналітичне мислення, Робота з великим обсягом інформації, Ведення звітності, Комунікабельність",Повна зайнятість. Також готові взяти студента. Досвід роботи від 1 року.,1,
"Фахівець з комунікацій інформаційного центру (ТРЦ ""Арт Молл"")",Роздрібна торгівля;,більше 1000 співробітників,", Відповідальність, Уважність","Повна зайнятість. Також готові взяти студента, людину з інвалідністю, ветерана.",1,
Касир інформаційного центру (ст. м. Осокорки),Роздрібна торгівля;,більше 1000 співробітників,", Комунікабельність, Відповідальність, Проведення касових операцій, Активність, Уважність, Викладка товару, Викладка товарів",Повна зайнятість. Також готові взяти студента.,1,
Старший оператор посту збору та обробки інформації,Сили оборони,,", Стресостійкість, Управління персоналом, Комунікабельність, Відповідальність, Пунктуальність",Повна зайнятість. Досвід роботи від 1 року.,1,
Оператор посту зі збору та обробки інформації,Сили оборони,,", Пунктуальність, Відповідальність, Уважність, Стресостійкість",Повна зайнятість. Досвід роботи від 1 року.,1,
Офіцер з планування та проведення інформаційних кампаній,Сили оборони;,менше 10 співробітників,", Комунікабельність, Стресостійкість, Робота в команді, Аналітичне мислення, Креативність",Повна зайнятість. Досвід роботи від 1 року. Вища освіта.,1,Англійська — середній
Вчитель інформаційних технологій,"Освіта, наука;",50–250 співробітників,,Повна зайнятість. Досвід роботи від 2 років. Вища освіта.,1,
"Польовий фахівець зі збору даних, field data collection officer","Неприбуткові, благодійні та громадські організації;",250–1000 співробітників,", Відповідальність, Організованість, Комунікабельність, Уважність, Наполегливість",Повна зайнятість. Досвід роботи від 1 року. Середня спеціальна освіта.,1,"Українська — вільно, російська — просунутий"
Оператор з обробки інформації та програмного забезпечення,"Неприбуткові, благодійні та громадські організації;",250–1000 співробітників,,Повна зайнятість. Також готові взяти людину з інвалідністю. Досвід роботи від 1 року. Середня спеціальна освіта.,1,
Data analyst,Державні організації;,50–250 співробітників,", SQL, Python, MS Power BI, Аналіз даних, Візуалізація даних",Повна зайнятість. Досвід роботи від 2 років.,1,
"Фахівець з даних, Data Analyst","Неприбуткові, благодійні та громадські організації;",50–250 співробітників,", MS Excel, Microsoft 365, MS Outlook, Організаторські здібності, Комунікабельність, Формування зведених таблиць, Активність, Управління проєктами, Робота з базою даних, MS Teams, Ведення звітності, Power Query, Закупівля товарів",Повна зайнятість. Досвід роботи від 1 року.,1,
"Доцент, професор кафедри комп'ютерних наук та інформаційних технологійй","Освіта, наука;",250–1000 співробітників,", Відповідальність",Повна зайнятість. Досвід роботи від 5 років. Вища освіта.,1,
Senior Analyst in the field of strategic communication and malign information influence,IT;,10–50 співробітників,", Аналіз даних, Лідерство, Управління командою, Візуалізація даних, Ефективна комунікація, Робота з клієнтами",Повна зайнятість. Досвід роботи від 5 років. Вища освіта.,1,Англійська — просунутий
Data analyst (trainee),"Консалтинг, бухгалтерія, аудит;",50–250 співробітників,", Jira, Scrum, Confluence, Активність, Kanban, Уміння аналізувати, Аналіз даних, Software Development Life Cycle, Візуалізація",Повна зайнятість. Також готові взяти студента.,1,
Головний спеціаліст управління інформаційних технологій (державна служба),Державні організації;,250–1000 співробітників,", HTML, MySQL, Відповідальність, Пунктуальність, Програмування, Робота з базою даних, Наполегливість, Висока працездатність, Саморозвиток, Терплячість, Витривалість, Розробка ПЗ, Самостійність",Повна зайнятість. Вища освіта.,1,
Головний спеціаліст з питань захисту інформації (державна служба),Державні організації;,250–1000 співробітників,", Користувач ПК, Відповідальність, Стресостійкість, Уважність, Аналітичне мислення, Самостійність",Повна зайнятість. Вища освіта.,1,
Асистент менеджера зі збору інформації про вантажі,"Транспорт, логістика;",10–50 співробітників,,"Неповна зайнятість. Також готові взяти студента, людину з інвалідністю.",1,Англійська — середній
Presale information security engineer,IT;,50–250 співробітників,", Користувач ОС Linux, Користувач ОС Windows, DHCP, Цілеспрямованість, Уміння аналізувати, Налаштування Firewall, Професіоналізм, SIEM, Налаштування DNS",Повна зайнятість. Досвід роботи від 2 років. Вища освіта.,1,
Головний спеціаліст відділу адміністрування інформаційних систем,Державні організації;,більше 1000 співробітників,", Уважність, Комунікабельність, Пунктуальність, Відповідальність, Ведення документації",Повна зайнятість. Вища освіта.,1,Українська — вільно
Оператор ПК,IT;,менше 10 співробітників,", MS Excel, Google Sheets, Відповідальність, Організованість, Активність, Уважність","Повна зайнятість. Також готові взяти студента, людину з інвалідністю.",1,
Data processing operator,"Транспорт, логістика;",менше 10 співробітників,,Повна зайнятість. Досвід роботи від 1 року. Вища освіта.,2,Англійська — вище середнього
"Аналітик консолідованої інформації, оператор гарячої лінії","Телекомунікації, зв'язок;",10–50 співробітників,", Комунікабельність, Організаторські здібності, Цілеспрямованість, Аналітичне мислення, Ділове спілкування, Порядність, Бажання вчитися і розвиватися",Повна зайнятість. Вища освіта.,1,
Завідувач сектору інформаційних технологій,Державні організації;,10–50 співробітників,", Водійські права кат. B",Повна зайнятість. Досвід роботи від 2 років. Вища освіта.,1,
Головний спеціаліст відділу використання інформації документів та комунікацій,Державні організації;,10–50 співробітників,", Уважність",Повна зайнятість. Досвід роботи від 1 року. Вища освіта.,1,
Information Management Officer,"Неприбуткові, благодійні та громадські організації;",50–250 співробітників,", Уважність",Повна зайнятість. Також готові взяти людину з інвалідністю. Досвід роботи від 1 року. Вища освіта.,1,Англійська — просунутий
Головний спеціаліст відділу інформаційної діяльності,"Пошук персоналу, HR;",50–250 співробітників,,Повна зайнятість. Вища освіта.,1,
Фахівець з машинного навчання (data science),IT;,50–250 співробітників,", Відповідальність, Організованість, Здатність до навчання, Аналітичне мислення","Повна зайнятість, неповна зайнятість. Також готові взяти студента, людину з інвалідністю. Незакінчена вища освіта.",2,Англійська — середній
Data analyst,IT;,10–50 співробітників,", MS Excel, Відповідальність, Формування зведених таблиць, Робота з базою даних, Уважність, Акуратність, Ведення звітності, Створення макросів",Повна зайнятість. Досвід роботи від 2 років.,1,Англійська — вище середнього
"Спеціаліст з інформаційної підтримки проєкту ""Електронна черга перетину кордону""","Неприбуткові, благодійні та громадські організації;",50–250 співробітників,", Уважність, Bug tracking systems, Робота з клієнтами, Інформаційна грамотність, Уміння переконувати, Тестування ПЗ, Ручне тестування",Повна зайнятість. Досвід роботи від 1 року.,1,
Data analyst,"Хімічна промисловість, фармацевтика;",10–50 співробітників,", MS Excel, Користувач 1С, Комунікабельність, Робота в команді, Уважність, Створення презентацій, Аналітичне мислення, Конкурентний аналіз, Аналіз даних, Аналіз продажу, Продаж",Повна зайнятість. Також готові взяти студента. Вища освіта.,1,
Головний спеціаліст відділу автоматизованої обробки інформації,Державні організації;,50–250 співробітників,,"Повна зайнятість. Також готові взяти студента, людину з інвалідністю, ветерана. Вища освіта.",1,Українська — вільно
Головний спеціаліст відділу по роботи зі зверненнями громадян та запитами на публічну інформацію,Державні організації;,250–1000 співробітників,", Стресостійкість, Уважність",Повна зайнятість. Вища освіта.,1,
"Менеджер з продажу (чеська, німецька, данська, італійська)","Пошук персоналу, HR;",10–50 співробітників,", Продаж, Продаж фінансових послуг, Прийом вхідних дзвінків, Обробка гарячих заявок, Здійснення вихідних дзвінків",Повна зайнятість.,2,
"Аналітик даних, Data Researcher",IT;,10–50 співробітників,", Активність, Грамотна усна та письмова мова, Створення презентацій, Уміння аналізувати, Створення діаграм",Повна зайнятість. Досвід роботи від 1 року.,1,Англійська — середній
Адміністратор управління інформаційного забезпечення,Державні організації;,50–250 співробітників,", Відповідальність, Здатність до навчання, Пунктуальність, Адміністративна робота, Орієнтація на результат",Повна зайнятість. Вища освіта.,1,Українська — вільно
Data analyst,"Маркетинг, реклама, PR;",10–50 співробітників,", MS Excel, SQL, Python, Google Analytics, Adobe Premiere Pro, Facebook Ads Manager, Google Ads, Комунікабельність, Аналітичне мислення, Аналіз даних, Візуалізація даних",Повна зайнятість.,1,Англійська — середній
Головний спеціаліст відділу адміністрування інформаційних систем,Державні організації;,більше 1000 співробітників,", Стресостійкість, Адаптивність",Повна зайнятість. Вища освіта.,1,Українська — вільно
Radiologist (Medical student for CT Data labeling),"Медицина, охорона здоров'я, аптеки;",менше 10 співробітників,", CT scan, radiology, Application of artificial intelligence","Повна зайнятість, неповна зайнятість. Також готові взяти студента, людину з інвалідністю, ветерана, пенсіонера. Досвід роботи від 1 року. Вища освіта.",1,Англійська — середній
"Спеціаліст інформаційного відділу, офіс-менеджер","Охорона, безпека;",10–50 співробітників,", Знання офісних програм, Відповідальність, Організованість, Робота з клієнтами, Робота з базою даних, Продаж, Урегулювання конфліктів, Робота в команді, Прийом та обробка замовлень, Надійність, Здійснення вихідних дзвінків, Прийом вхідних дзвінків, Бажання вчитися і розвиватися",Повна зайнятість. Досвід роботи від 1 року.,1,
Головний спеціаліст відділу використання інформації документів,Державні організації;,10–50 співробітників,,"Повна зайнятість. Також готові взяти студента, людину з інвалідністю, ветерана. Незакінчена вища освіта.",1,
"Фахівець з обробки інформації, дата-менеджер","Неприбуткові, благодійні та громадські організації;",50–250 співробітників,,Повна зайнятість. Вища освіта.,1,Англійська — початковий
"Фахівець з обробки інформації, дата-менеджер","Неприбуткові, благодійні та громадські організації;",50–250 співробітників,,Повна зайнятість. Вища освіта.,1,Англійська — початковий
Junior Analyst,IT;,10–50 співробітників,", MS Office, Комунікабельність, Відповідальність, Робота з великим обсягом інформації",Повна зайнятість. Також готові взяти студента. Незакінчена вища освіта.,1,
Data Scientist (middle +),"Фінанси, банки, страхування;",50–250 співробітників,", SQL, Python, Відповідальність, Програмування, Робота з базою даних, Уміння аналізувати, pandas, TensorFlow, Machine learning, PyTorch",Повна зайнятість. Досвід роботи від 2 років. Вища освіта.,1,Англійська — середній
Data Analyst (middle+),"Фінанси, банки, страхування;",50–250 співробітників,", SQL, Git, Looker Studio, Організованість, Активність, Маркетинг, Робота з базою даних, Адміністрування СУБД, Ведення звітності, Управління командою",Повна зайнятість. Досвід роботи від 2 років. Вища освіта.,1,Англійська — середній
Junior data analyst,"Фінанси, банки, страхування;",50–250 співробітників,", SQL, Git, Looker Studio, Робота з базою даних, Адміністрування СУБД, Бізнес-аналіз",Повна зайнятість. Досвід роботи від 1 року. Вища освіта.,1,Англійська — середній
Головний спеціаліст відділу захисту інформаційних систем,Державні організації;,250–1000 співробітників,", Відповідальність, Комунікабельність, Налаштування ПК, Налаштування мережевого обладнання, Висока працездатність",Повна зайнятість. Вища освіта.,1,Українська — вільно
Головний спеціаліст відділу адміністрування інформаційних систем,Державні організації;,250–1000 співробітників,", Відповідальність, Комунікабельність, Налаштування ПК, Налаштування мережевого обладнання, Висока працездатність, Адміністрування локальної мережі, Системне адміністрування",Повна зайнятість. Вища освіта.,1,Українська — вільно
Оператор обробки інформації та програмного забезпечення,IT;,50–250 співробітників,,Повна зайнятість. Також готові взяти людину з інвалідністю. Вища освіта.,1,
Технік групи інформаційного та сценічного забезпечення,"Шоу-бізнес, мистецтво, культура;",50–250 співробітників,", Користувач ОС Windows, Ведення документації, Ремонт ПК",Повна зайнятість. Досвід роботи від 1 року. Вища освіта.,1,
Data Analyst (Marketing),IT;,менше 10 співробітників,", MS Excel, SQL, Python, Looker Studio, Відповідальність, MS Power BI, Маркетинг, Робота з базою даних, Уважність, Аналітичне мислення, Уміння аналізувати, Аналіз даних, Продаж, Ведення звітності, pandas, NumPy, Matplotlib, Доброзичливість","Повна зайнятість, неповна зайнятість. Досвід роботи від 1 року. Вища освіта.",1,
"Головний спеціаліст, системотехнік відділу адміністрування інформаційних систем",Державні організації,,", Управління персоналом, Організованість, Робота в команді, Системне адміністрування, Адміністрування локальної мережі, Адміністрування серверів, Робота з базою даних, Уважність, Грамотна усна та письмова мова, Цифрова грамотність, Висока працездатність, Налаштування прикладного ПЗ, LAN, Компетентність, Самомотивація, Самостійність, Надійність, Водійські права кат. B",Повна зайнятість. Вища освіта.,1,Українська — вільно
Data analyst,"Неприбуткові, благодійні та громадські організації;",50–250 співробітників,", MS Excel, SQL, Знання офісних програм, PostgreSQL, Scrum, Agile, Oracle Database, Looker Studio, Керування транспортними засобами, Здатність до навчання, Kanban, MS Power BI, Робота з базою даних, Створення презентацій, Аналіз даних, QlikView, Tableau, Бажання вчитися і розвиватися",Повна зайнятість. Досвід роботи від 2 років. Вища освіта.,1,
Фахівець з інформаційного забезпечення,"Медицина, охорона здоров'я, аптеки;",250–1000 співробітників,,"Повна зайнятість. Також готові взяти студента, людину з інвалідністю, ветерана. Досвід роботи від 1 року. Вища освіта.",1,
Фахівець управління систем захисту інформації,"Пошук персоналу, HR;",10–50 співробітників,", Користувач ОС Linux, Користувач ОС Windows, IP (Internet Protocol), TCP/IP, Системне адміністрування, Налаштування антивірусного захисту",Повна зайнятість. Досвід роботи від 2 років. Вища освіта.,1,
Викладач на кафедру інформаційних систем та технологій,"Пошук персоналу, HR;",250–1000 співробітників,,Повна зайнятість. Досвід роботи від 5 років. Вища освіта.,1,"Українська — просунутий, англійська — вище середнього"
Data analyst,"Сільське господарство, агробізнес;",10–50 співробітників,", MS Excel, MS Power BI, Аналіз даних, Тайм-менеджмент, Акуратність, Робота в команді, Адаптивність, Надійність, Візуалізація даних, Уміння розставляти пріоритети","Повна зайнятість. Також готові взяти людину з інвалідністю, ветерана. Досвід роботи від 2 років. Вища освіта.",1,Англійська — вище середнього
"Інженер-програміст MS SQL, C#, .Net","Маркетинг, реклама, PR;",250–1000 співробітників,", SQL, C#, MS SQL Server, Програмування, Уважність, Самоосвіта",Повна зайнятість. Досвід роботи від 5 років. Вища освіта.,1,
"Системний аналітик, контент-менеджер (Excel)",IT;,10–50 співробітників,", MS Excel, Знання принципів ООП, VBA, Програмування, Аналітичне мислення, Контент-менеджмент, Ведення звітності",Повна зайнятість. Також готові взяти людину з інвалідністю. Досвід роботи від 2 років. Вища освіта.,1,Англійська — середній
Експерт у відділ моніторингу та менеджменту інформації з безпеки,"Медицина, охорона здоров'я, аптеки;",250–1000 співробітників,,Повна зайнятість. Досвід роботи від 1 року. Вища освіта.,1,
Product Information Manager,Легка промисловість;,10–50 співробітників,", MS Office, MS Excel, Користувач ОС Windows, Комунікабельність, Відповідальність, Організованість, Маркетинг, Уважність, Управління проєктами, Ведення звітності, Продакт-менеджмент","Повна зайнятість, неповна зайнятість. Також готові взяти студента, ветерана. Досвід роботи від 2 років.",1,Англійська — вище середнього
Product Matching Analyst (Manual Data Entry),IT;,50–250 співробітників,", SQL, Відповідальність, Ведення звітності, Ініціативність","Повна зайнятість. Також готові взяти студента, ветерана. Середня освіта.",1,
"Data Journalist, Analyst",IT;,10–50 співробітників,", Figma, SQL, Python, Маркетинг, Програмування, Дизайн, Аналітичне мислення, Аналіз даних, Акуратність, Ініціативність, Проактивність, Machine learning, Самостійність","Повна зайнятість, неповна зайнятість. Також готові взяти ветерана. Досвід роботи від 1 року. Вища освіта.",1,Англійська — просунутий
Data Engineer,IT;,10–50 співробітників,", Самостійність",Повна зайнятість. Також готові взяти ветерана. Досвід роботи від 2 років. Вища освіта.,1,Англійська — просунутий
Менеджер напрямку інформаційних продуктів,Юриспруденція;,10–50 співробітників,", Маркетинг, Продаж, Ведення звітності, дірект маркетинг",Повна зайнятість. Досвід роботи від 1 року. Вища освіта.,1,
"Головний фахівець інформаційного відділу, інформаційної безпеки","Пошук персоналу, HR;",10–50 співробітників,,Повна зайнятість. Досвід роботи від 1 року. Вища освіта.,1,
"Менеджер, фахівець з інформаційної безпеки",IT;,50–250 співробітників,", Комунікабельність, IP (Internet Protocol), VMware, Аналітичне мислення, Налаштування антивірусного захисту, SIEM, Знання стандартів ISO",Повна зайнятість. Досвід роботи від 2 років. Вища освіта.,1,
Фахівець управління систем захисту інформації,"Пошук персоналу, HR;",10–50 співробітників,", Користувач ОС Linux, Користувач ОС Windows, IP (Internet Protocol), TCP/IP, Системне адміністрування, Налаштування антивірусного захисту",Повна зайнятість. Досвід роботи від 2 років. Вища освіта.,1,
Фахівець інформаційних технологій (1 кат.) відділу інформаційного забезпечення,Послуги для населення та бізнесу;,250–1000 співробітників,", Користувач ОС Windows, DHCP, Комунікабельність, Стресостійкість, Активність, Пунктуальність, MikroTik, Адміністрування Windows Server, Уважність, Налаштування ОС, Налаштування мережевого обладнання, Ведення документації, Грамотна усна та письмова мова, Технічна підтримка користувачів, Активна життєва позиція, Налаштування DNS, Адміністрування ОС Windows, Бажання вчитися і розвиватися",Повна зайнятість. Також готові взяти людину з інвалідністю. Досвід роботи від 1 року. Вища освіта.,1,
Адміністратор доступу до інформаційних систем,"Фінанси, банки, страхування;",250–1000 співробітників,", Відповідальність, Програмування, Уважність, Технічна підтримка користувачів, Написання скриптів",Повна зайнятість. Вища освіта.,1,
Senior Data Engineer,IT;,10–50 співробітників,", Продуктивність",Повна зайнятість. Досвід роботи від 2 років. Вища освіта.,1,Англійська — просунутий
Data Entry Operator,"Оптова торгівля, дистрибуція, імпорт, експорт;",10–50 співробітників,", MS Excel, Google Sheets, Работа с базой данных",Повна зайнятість. Досвід роботи від 2 років. Вища освіта.,1,"Англійська — початковий, німецька — початковий"
Спеціаліст з впровадження інформаційних систем,IT;,50–250 співробітників,,Повна зайнятість. Досвід роботи від 1 року.,1,
Senior Data Scientist,IT;,більше 1000 співробітників,", SQL, GitHub, Python, PostgreSQL, MongoDB, Docker, Робота з базою даних, AWS, Візуалізація, pandas, NumPy, MS Azure, TensorFlow, PyTorch, Ініціативність",Повна зайнятість. Досвід роботи від 5 років. Вища освіта.,1,Англійська — вище середнього
"Фахівець з профорієнтації (створення реклами, розповсюдження інформації у закладах освіти)","Освіта, наука;",10–50 співробітників,", Наявність організаційних навичок, Вміння працювати в команді",Повна зайнятість. Також готові взяти студента. Незакінчена вища освіта.,1,
Business Data Analyst,Роздрібна торгівля;,10–50 співробітників,", SQL, Looker Studio, Communicability, Responsibility, Work with the database, Sales analysis, Sales, Data analysis, Accuracy, Reporting, Hardworking, Data visualization, Visualization, Helium 10",Повна зайнятість. Досвід роботи від 2 років.,1,Англійська — просунутий
"Data manager, Traffic manager","Маркетинг, реклама, PR;",50–250 співробітників,", MS Excel, Ведення CRM, Користувач ПК, SEO, Відповідальність, Уважність",Повна зайнятість.,1,
"Data analyst, Excel Master",IT;,10–50 співробітників,", MS Excel, Відповідальність, Формування зведених таблиць, Робота з базою даних, Уважність, Акуратність, Ведення звітності, Створення макросів",Повна зайнятість. Також готові взяти студента.,1,Англійська — вище середнього
Data base engineer,"Оптова торгівля, дистрибуція, імпорт, експорт;",50–250 співробітників,,Повна зайнятість. Досвід роботи від 2 років. Вища освіта.,1,
"Junior Data Engineer, Analyst",IT;,10–50 співробітників,", Python, Аналіз даних",Повна зайнятість. Також готові взяти студента.,1,
Головний спеціаліст відділу захисту інформаційних систем,Державні організації;,більше 1000 співробітників,", Стресостійкість, Адаптивність",Повна зайнятість. Вища освіта.,1,Українська — вільно
Головний спеціаліст відділу адміністрування інформаційних систем,Державні організації;,більше 1000 співробітників,", Стресостійкість, Адаптивність",Повна зайнятість. Вища освіта.,1,Українська — вільно
Фахівець з інформаційних технологій,Державні організації;,50–250 співробітників,", Комунікабельність, Адміністрування локальної мережі, Налаштування ПЗ, Відеоспостереження, Неконфліктність",Повна зайнятість. Досвід роботи від 2 років. Вища освіта.,1,
Data Entry Operator,IT;,менше 10 співробітників,", MS Excel, Користувач ПК, Відповідальність, Швидкий набір тексту, Робота з базою даних, Уважність, Акуратність",Повна зайнятість. Досвід роботи від 1 року. Середня освіта.,1,Англійська — вище середнього
Менеджер з продажів (Бортничі),IT;,50–250 співробітників,", Впевненість, Активність, Продаж, Пошук нових клієнтів",Повна зайнятість. Досвід роботи від 1 року.,1,
Головний спеціаліст-програміст відділу адміністрування інформаційних систем,Державні організації;,250–1000 співробітників,", C++",Повна зайнятість. Також готові взяти людину з інвалідністю. Вища освіта.,1,
"Фахівець, фахівчиня з обробки інформації групи нетехнічного обстеження","Неприбуткові, благодійні та громадські організації;",250–1000 співробітників,", Цілеспрямованість, Уважність",Повна зайнятість. Досвід роботи від 1 року. Середня спеціальна освіта.,1,
"Фахівець, фахівчиня з обробки інформації групи нетехнічного обстеження","Неприбуткові, благодійні та громадські організації;",250–1000 співробітників,", Цілеспрямованість, Уважність",Повна зайнятість. Досвід роботи від 1 року. Середня спеціальна освіта.,1,
